entry_index,exit_index,qty,entry,exit,net,funding,reason,entry_utc,exit_utc,holding_days
1715.0,1719.0,2.22,131.603674,139.597914,-18.108453315215982,0.0,2.0,2020-03-12T11:00:00+00:00,2020-03-12T15:00:00+00:00,0.16666666666666666
2416.0,2417.0,7.3,152.959402,156.371268,-26.261490134599814,0.0,1.0,2020-04-10T16:00:00+00:00,2020-04-10T17:00:00+00:00,0.041666666666666664
2445.0,2446.0,6.72,154.659062,156.92137799999998,-16.4590558540798,0.0,1.0,2020-04-11T21:00:00+00:00,2020-04-11T22:00:00+00:00,0.041666666666666664
2473.0,2493.0,6.46,153.379318,156.301254,-19.878130794116466,0.19789766295546002,1.0,2020-04-13T01:00:00+00:00,2020-04-13T21:00:00+00:00,0.8333333333333334
2543.0,2552.0,6.01,155.378918,164.562906,-56.282616807890825,0.06686128945317149,1.0,2020-04-15T23:00:00+00:00,2020-04-16T08:00:00+00:00,0.375
3122.0,3138.0,8.65,190.371918,184.68693,47.556473686680135,0.3278829078001,1.0,2020-05-10T02:00:00+00:00,2020-05-10T18:00:00+00:00,0.6666666666666666
6572.0,6585.0,14.91,355.138958,367.293444,-186.61080913152506,1.075457396767225,1.0,2020-09-30T20:00:00+00:00,2020-10-01T09:00:00+00:00,0.5416666666666666
6593.0,6761.0,16.080000000000002,349.790028,350.730132,-19.035542638497915,2.8399481851824007,3.0,2020-10-01T17:00:00+00:00,2020-10-08T17:00:00+00:00,7.0
6946.0,6947.0,15.34,363.197346,364.712928,-29.948714041895922,0.0,1.0,2020-10-16T10:00:00+00:00,2020-10-16T11:00:00+00:00,0.041666666666666664
7278.0,7279.0,14.38,381.16375200000004,381.99638400000003,-18.55779381340785,0.0,1.0,2020-10-30T06:00:00+00:00,2020-10-30T07:00:00+00:00,0.041666666666666664
7280.0,7288.0,14.34,378.53427800000003,382.16641799999996,-58.08199020319978,0.5479661851833001,1.0,2020-10-30T08:00:00+00:00,2020-10-30T16:00:00+00:00,0.3333333333333333
7289.0,7290.0,13.83,380.103964,381.79634400000003,-29.727864155784196,0.0,1.0,2020-10-30T17:00:00+00:00,2020-10-30T18:00:00+00:00,0.041666666666666664
7357.0,7358.0,15.89,380.743836,383.77673999999996,-55.48178373158359,0.0,1.0,2020-11-02T13:00:00+00:00,2020-11-02T14:00:00+00:00,0.041666666666666664
7378.0,7382.0,15.540000000000001,378.714242,383.466678,-80.95943033807983,0.0,1.0,2020-11-03T10:00:00+00:00,2020-11-03T14:00:00+00:00,0.16666666666666666
12862.0,13030.0,5.34,2206.638584,1772.50443,2305.3526696128433,-0.17453853029991584,3.0,2021-06-19T22:00:00+00:00,2021-06-26T22:00:00+00:00,7.0
13236.0,13253.0,8.84,2194.081096,2316.953298,-1108.13971933705,1.9770727687259821,1.0,2021-07-05T12:00:00+00:00,2021-07-06T05:00:00+00:00,0.7083333333333334
13300.0,13468.0,7.17,2252.809348,1978.315584,1976.0253427466118,26.10735432407392,3.0,2021-07-08T04:00:00+00:00,2021-07-15T04:00:00+00:00,7.0
13664.0,13670.0,10.63,2064.177082,2075.5250220000003,-147.03162221931316,0.0,1.0,2021-07-23T08:00:00+00:00,2021-07-23T14:00:00+00:00,0.25
13671.0,13679.0,10.43,2062.43743,2088.707658,-297.8411352607025,2.13520874,1.0,2021-07-23T15:00:00+00:00,2021-07-23T23:00:00+00:00,0.3333333333333333
17152.0,17156.0,6.84,3655.86868,3969.14367,-2174.0939822843993,0.0,1.0,2021-12-15T16:00:00+00:00,2021-12-15T20:00:00+00:00,0.16666666666666666
17256.0,17296.0,4.76,3921.7254980000002,3978.965634,-285.72264623013336,9.30477500285816,1.0,2021-12-20T00:00:00+00:00,2021-12-21T16:00:00+00:00,1.6666666666666667
17405.0,17410.0,4.43,4020.855668,4041.95823,-113.12758184184632,1.78772715903781,1.0,2021-12-26T05:00:00+00:00,2021-12-26T10:00:00+00:00,0.20833333333333334
17448.0,17616.0,4.33,4036.54253,3764.822814,1179.0385218010426,22.760098684754215,3.0,2021-12-28T00:00:00+00:00,2022-01-04T00:00:00+00:00,7.0
18549.0,18626.0,7.78,2916.706542,3020.8040399999995,-822.2282416099033,15.366592226869765,1.0,2022-02-11T21:00:00+00:00,2022-02-15T02:00:00+00:00,3.2083333333333335
18687.0,18855.0,6.83,2972.175446,2435.296962,3648.90202993514,4.181806143121872,3.0,2022-02-17T15:00:00+00:00,2022-02-24T15:00:00+00:00,7.0
18958.0,18959.0,10.99,2818.626162,2897.2193279999997,-901.4291795010563,0.0,1.0,2022-02-28T22:00:00+00:00,2022-02-28T23:00:00+00:00,0.041666666666666664
19024.0,19192.0,10.33,2827.0044860000003,2596.339164,2377.83927233337,28.680380016067044,3.0,2022-03-03T16:00:00+00:00,2022-03-10T16:00:00+00:00,7.0
19336.0,19340.0,13.38,2702.4594,2753.5506,-727.401104279998,0.0,1.0,2022-03-16T16:00:00+00:00,2022-03-16T20:00:00+00:00,0.16666666666666666
19955.0,19989.0,11.35,3076.3046160000004,2986.5972,972.2485586720732,-4.642251560969051,1.0,2022-04-11T11:00:00+00:00,2022-04-12T21:00:00+00:00,1.4166666666666667
20113.0,20130.0,12.64,2988.372206,2982.866454,17.846461386868448,-6.460369895691924,1.0,2022-04-18T01:00:00+00:00,2022-04-18T18:00:00+00:00,0.7083333333333334
20414.0,20468.0,13.41,2819.0260820000003,2841.488184,-360.38374117450553,-13.622455570276184,1.0,2022-04-30T14:00:00+00:00,2022-05-02T20:00:00+00:00,2.25
20596.0,20764.0,14.790000000000001,2544.401018,2013.5426280000001,7810.824543740953,-0.1238524444408684,3.0,2022-05-08T04:00:00+00:00,2022-05-15T04:00:00+00:00,7.0
22240.0,22243.0,50.97,1221.30569,1254.820914,-1783.9958710835274,0.0,1.0,2022-07-15T16:00:00+00:00,2022-07-15T19:00:00+00:00,0.125
22249.0,22262.0,47.050000000000004,1212.10753,1234.086768,-1099.2069755748214,3.9722373577140258,1.0,2022-07-16T01:00:00+00:00,2022-07-16T14:00:00+00:00,0.5416666666666666
23759.0,23927.0,38.82,1431.4336560000002,1329.16578,3859.892409964373,-45.84665429231944,3.0,2022-09-16T23:00:00+00:00,2022-09-23T23:00:00+00:00,7.0
24663.0,24664.0,50.800000000000004,1333.243298,1341.098166,-482.37015740371044,-1.8289351809956271,1.0,2022-10-24T15:00:00+00:00,2022-10-24T16:00:00+00:00,0.041666666666666664
24665.0,24667.0,49.71,1334.2031060000002,1341.328212,-433.9894163506547,0.0,1.0,2022-10-24T17:00:00+00:00,2022-10-24T19:00:00+00:00,0.08333333333333333
25013.0,25015.0,45.04,1463.90716,1484.09676,-989.0064419340767,0.0,1.0,2022-11-08T05:00:00+00:00,2022-11-08T07:00:00+00:00,0.08333333333333333
25019.0,25025.0,42.64,1478.35427,1545.599058,-2939.769521748071,4.913060515480001,1.0,2022-11-08T11:00:00+00:00,2022-11-08T17:00:00+00:00,0.25
25026.0,25194.0,37.65,1446.01074,1266.45324,6587.470591259074,-111.59472243272094,3.0,2022-11-08T18:00:00+00:00,2022-11-15T18:00:00+00:00,7.0
25623.0,25624.0,58.82,1267.9463600000001,1270.7540999999999,-256.4292607270227,-1.6821772927179999,1.0,2022-12-03T15:00:00+00:00,2022-12-03T16:00:00+00:00,0.041666666666666664
25625.0,25651.0,58.29,1266.6766140000002,1273.224594,-471.5908852070983,-1.0786261585165366,1.0,2022-12-03T17:00:00+00:00,2022-12-04T19:00:00+00:00,1.0833333333333333
25672.0,25704.0,57.26,1265.39687,1270.974144,-393.50348291139954,12.990788885583772,1.0,2022-12-05T16:00:00+00:00,2022-12-07T00:00:00+00:00,1.3333333333333333
25706.0,25747.0,56.4,1264.357078,1287.647478,-1398.4988970208954,1.4394971541499582,1.0,2022-12-07T02:00:00+00:00,2022-12-08T19:00:00+00:00,1.7083333333333333
25930.0,26098.0,55.47,1211.7576000000001,1218.933738,-410.49538488610824,68.46325908519728,3.0,2022-12-16T10:00:00+00:00,2022-12-23T10:00:00+00:00,7.0
30149.0,30317.0,39.89,1786.962536,1726.54524,2360.5015611496524,34.54791882043333,3.0,2023-06-10T05:00:00+00:00,2023-06-17T05:00:00+00:00,7.0
31798.0,31966.0,49.4,1618.0863180000001,1653.360606,-1893.3946708647875,-53.87915683743535,3.0,2023-08-17T22:00:00+00:00,2023-08-24T22:00:00+00:00,7.0
32558.0,32726.0,45.46,1655.81877,1576.4352239999998,3559.5604945259142,38.94745330624649,3.0,2023-09-18T14:00:00+00:00,2023-09-25T14:00:00+00:00,7.0
32796.0,32799.0,52.81,1622.62541,1639.067748,-971.6698791843793,0.0,1.0,2023-09-28T12:00:00+00:00,2023-09-28T15:00:00+00:00,0.125
32929.0,32937.0,51.13,1637.402454,1645.799094,-529.4218162076967,0.620444081844,1.0,2023-10-04T01:00:00+00:00,2023-10-04T09:00:00+00:00,0.3333333333333333
32942.0,32951.0,50.29,1634.153104,1648.1995739999998,-803.2901391947805,2.14854681118,1.0,2023-10-04T14:00:00+00:00,2023-10-04T23:00:00+00:00,0.375
32956.0,32994.0,48.64,1641.0517240000001,1647.12936,-368.540381285987,23.038110509457177,1.0,2023-10-05T04:00:00+00:00,2023-10-06T18:00:00+00:00,1.5833333333333333
33003.0,33171.0,48.03,1639.681998,1553.730684,4123.276079634167,87.06223488404667,3.0,2023-10-07T03:00:00+00:00,2023-10-14T03:00:00+00:00,7.0
37923.0,38091.0,29.830000000000002,3219.975876,3131.796234,2631.2741236144993,114.55941997927707,3.0,2024-04-29T03:00:00+00:00,2024-05-06T03:00:00+00:00,7.0
38099.0,38267.0,33.29,3143.6911360000004,2962.3923600000003,6079.12159880079,165.6482575098907,3.0,2024-05-06T11:00:00+00:00,2024-05-13T11:00:00+00:00,7.0
38366.0,38367.0,40.04,3057.668344,3090.71802,-1471.0178610487214,0.0,1.0,2024-05-17T14:00:00+00:00,2024-05-17T15:00:00+00:00,0.041666666666666664
38417.0,38423.0,38.59,3060.977682,3076.2451260000003,-731.2719208564347,0.0,1.0,2024-05-19T17:00:00+00:00,2024-05-19T23:00:00+00:00,0.25
38424.0,38425.0,37.79,3069.366004,3078.985674,-502.93505524697355,0.0,1.0,2024-05-20T00:00:00+00:00,2024-05-20T01:00:00+00:00,0.041666666666666664
39531.0,39571.0,39.730000000000004,2926.0746679999997,3054.06069,-5185.108815980518,42.3303047434893,1.0,2024-07-05T03:00:00+00:00,2024-07-06T19:00:00+00:00,1.6666666666666667
40006.0,40108.0,30.32,3334.333,3348.679602,-481.6317260778512,74.93461181773509,1.0,2024-07-24T22:00:00+00:00,2024-07-29T04:00:00+00:00,4.25
40119.0,40126.0,29.990000000000002,3324.335,3345.658998,-749.6086881972662,9.917883822741212,1.0,2024-07-29T15:00:00+00:00,2024-07-29T22:00:00+00:00,0.2916666666666667
40127.0,40136.0,29.3,3327.354396,3340.1679,-473.14794731716074,19.502761846511603,1.0,2024-07-29T23:00:00+00:00,2024-07-30T08:00:00+00:00,0.375
40143.0,40166.0,29.13,3299.1100460000002,3331.396146,-1027.501164145044,28.880916078726386,1.0,2024-07-30T15:00:00+00:00,2024-07-31T14:00:00+00:00,0.9583333333333334
40167.0,40335.0,28.05,3319.226022,2389.257756,26043.731751481977,54.19567216572134,3.0,2024-07-31T15:00:00+00:00,2024-08-07T15:00:00+00:00,7.0
40746.0,40748.0,61.18,2781.233642,2791.80825,-851.5297392115298,0.0,1.0,2024-08-24T18:00:00+00:00,2024-08-24T20:00:00+00:00,0.08333333333333333
40750.0,40918.0,61.26,2737.0824740000003,2516.973294,13398.607287318364,107.83699432695012,3.0,2024-08-24T22:00:00+00:00,2024-08-31T22:00:00+00:00,7.0
41377.0,41380.0,81.75,2446.2106599999997,2520.40398,-6308.916358092027,0.0,1.0,2024-09-20T01:00:00+00:00,2024-09-20T04:00:00+00:00,0.125
41656.0,41714.0,75.37,2523.035292,2377.255356,10844.53852862375,78.70569598761445,1.0,2024-10-01T16:00:00+00:00,2024-10-04T02:00:00+00:00,2.4166666666666665
41803.0,41927.0,82.52,2423.4752080000003,2486.5572119999997,-5203.665322090748,244.96717316824328,1.0,2024-10-07T19:00:00+00:00,2024-10-12T23:00:00+00:00,5.166666666666667
41928.0,41956.0,80.82000000000001,2474.584984,2520.544008,-3932.1923403093347,24.43977445071124,1.0,2024-10-13T00:00:00+00:00,2024-10-14T04:00:00+00:00,1.1666666666666667
42184.0,42195.0,76.87,2539.0220940000004,2556.06111,-1525.3838293748665,19.400758080000003,1.0,2024-10-23T16:00:00+00:00,2024-10-24T03:00:00+00:00,0.4583333333333333
42196.0,42197.0,74.97,2543.69116,2553.1905359999996,-941.4361511694536,0.0,1.0,2024-10-24T04:00:00+00:00,2024-10-24T05:00:00+00:00,0.041666666666666664
42199.0,42230.0,73.8,2546.900518,2551.8802739999996,-518.8298598680215,74.4501464017182,1.0,2024-10-24T07:00:00+00:00,2024-10-25T14:00:00+00:00,1.2916666666666667
42231.0,42263.0,73.29,2543.6011780000003,2486.6172239999996,4027.612295149126,72.4571304986212,1.0,2024-10-25T15:00:00+00:00,2024-10-26T23:00:00+00:00,1.3333333333333333
44097.0,44101.0,62.050000000000004,3222.715328,3272.5243739999996,-3332.469078405423,0.0,1.0,2025-01-11T09:00:00+00:00,2025-01-11T13:00:00+00:00,0.16666666666666666
44153.0,44159.0,63.52,3008.3982,3131.2661279999998,-8038.565673428715,0.0,1.0,2025-01-13T17:00:00+00:00,2025-01-13T23:00:00+00:00,0.25
44367.0,44406.0,50.910000000000004,3292.001468,3409.911846,-6124.306727349446,83.22726072,1.0,2025-01-22T15:00:00+00:00,2025-01-24T06:00:00+00:00,1.625
44421.0,44440.0,44.980000000000004,3327.18443,3333.546576,-432.5901468531024,33.33898861684338,1.0,2025-01-24T21:00:00+00:00,2025-01-25T16:00:00+00:00,0.7916666666666666
44462.0,44580.0,44.89,3305.968674,3334.8868439999997,-1345.120844218396,131.88060960339175,1.0,2025-01-26T14:00:00+00:00,2025-01-31T12:00:00+00:00,4.916666666666667
44591.0,44593.0,43.85,3294.3709940000003,3316.2431159999996,-1120.8181300500698,12.199676884000002,1.0,2025-01-31T23:00:00+00:00,2025-02-01T01:00:00+00:00,0.08333333333333333
44595.0,44763.0,43.0,3304.129042,2640.307956,28364.11868118288,-26.82154226871641,3.0,2025-02-01T03:00:00+00:00,2025-02-08T03:00:00+00:00,7.0
46718.0,46719.0,114.95,1739.7919720000002,1758.481626,-2389.651657354036,0.0,1.0,2025-04-30T14:00:00+00:00,2025-04-30T15:00:00+00:00,0.041666666666666664
46860.0,46867.0,113.07000000000001,1768.7361819999999,1789.397808,-2584.7807400788633,-7.179762109275,1.0,2025-05-06T12:00:00+00:00,2025-05-06T19:00:00+00:00,0.2916666666666667
50632.0,50800.0,48.78,4099.669902,3796.789206,14591.305785076143,47.89899936910065,3.0,2025-10-10T16:00:00+00:00,2025-10-17T16:00:00+00:00,7.0
51054.0,51055.0,49.18,4066.1965980000004,4112.192274,-2503.395244514954,0.0,1.0,2025-10-28T06:00:00+00:00,2025-10-28T07:00:00+00:00,0.041666666666666664
51068.0,51236.0,49.54,4036.4125559999998,3230.475966,39844.32617926274,134.22850509067982,3.0,2025-10-28T20:00:00+00:00,2025-11-04T20:00:00+00:00,7.0
51951.0,51952.0,63.64,3142.3714,3207.2013119999997,-4348.579402038349,19.648282076639997,1.0,2025-12-04T15:00:00+00:00,2025-12-04T16:00:00+00:00,0.041666666666666664
51954.0,51963.0,63.31,3158.5781580000003,3182.316336,-1738.9604670030592,4.768800426,1.0,2025-12-04T18:00:00+00:00,2025-12-05T03:00:00+00:00,0.375
51966.0,51968.0,63.4,3154.16904,3173.1044939999997,-1421.5456462255472,19.65162260778,1.0,2025-12-05T06:00:00+00:00,2025-12-05T08:00:00+00:00,0.08333333333333333
51969.0,52042.0,63.42,3153.249224,3158.171508,-499.22232321883376,53.11110975521518,1.0,2025-12-05T09:00:00+00:00,2025-12-08T10:00:00+00:00,3.0416666666666665
52044.0,52072.0,63.690000000000005,3139.981878,3245.568984,-6929.825074352659,39.0351474278071,1.0,2025-12-08T12:00:00+00:00,2025-12-09T16:00:00+00:00,1.1666666666666667
52119.0,52120.0,63.34,3157.528368,3178.345542,-1554.0821496833958,5.266203552260068,1.0,2025-12-11T15:00:00+00:00,2025-12-11T16:00:00+00:00,0.041666666666666664
52144.0,52211.0,65.15,3069.3959980000004,3159.3517439999996,-6037.474664210758,66.62393692396921,1.0,2025-12-12T16:00:00+00:00,2025-12-15T11:00:00+00:00,2.7916666666666665
52214.0,52382.0,63.89,3129.943886,3056.131104,4551.614605966221,72.85296265288173,3.0,2025-12-15T14:00:00+00:00,2025-12-22T14:00:00+00:00,7.0
52544.0,52636.0,66.27,3017.866306,3021.6442079999997,-396.9049742123326,93.59960838532292,1.0,2025-12-29T08:00:00+00:00,2026-01-02T04:00:00+00:00,3.8333333333333335
52637.0,52639.0,66.45,3009.577964,3025.8050399999997,-1318.919920569458,0.0,1.0,2026-01-02T05:00:00+00:00,2026-01-02T07:00:00+00:00,0.08333333333333333
53203.0,53253.0,70.28,2845.440798,3020.393958,-12501.578975035656,41.47962975535457,2.0,2026-01-25T19:00:00+00:00,2026-01-27T21:00:00+00:00,2.0833333333333335
53295.0,53324.0,69.58,2874.2250400000003,2741.908272,8970.08133288504,-2.0570510455927304,1.0,2026-01-29T15:00:00+00:00,2026-01-30T20:00:00+00:00,1.2083333333333333
53337.0,53505.0,75.7,2641.951504,2018.7236639999999,46770.386989611,-196.27263225846107,3.0,2026-01-31T09:00:00+00:00,2026-02-07T09:00:00+00:00,7.0
54128.0,54129.0,95.06,2103.869142,2117.1233399999996,-1500.6925890833172,0.0,1.0,2026-03-05T08:00:00+00:00,2026-03-05T09:00:00+00:00,0.041666666666666664
54136.0,54304.0,95.89,2085.68278,2071.8042779999996,1009.3977426232099,-82.21495376186415,3.0,2026-03-05T16:00:00+00:00,2026-03-12T16:00:00+00:00,7.0
54344.0,54357.0,96.34,2075.8847400000004,2085.01692,-1128.5018221228681,-8.190841368266012,1.0,2026-03-14T08:00:00+00:00,2026-03-14T21:00:00+00:00,0.5416666666666666
54472.0,54474.0,94.46000000000001,2117.206474,2126.515218,-1119.8211288557857,0.0,1.0,2026-03-19T16:00:00+00:00,2026-03-19T18:00:00+00:00,0.08333333333333333
54528.0,54564.0,96.01,2082.953326,2134.32678,-5200.150159835185,-24.844203508945995,1.0,2026-03-22T00:00:00+00:00,2026-03-23T12:00:00+00:00,1.5
54594.0,54597.0,94.87,2107.958324,2148.059526,-4046.662081797684,0.0,1.0,2026-03-24T18:00:00+00:00,2026-03-24T21:00:00+00:00,0.125
54630.0,54763.0,94.41,2118.206274,2099.26977,1456.5471096294666,-92.34508502213205,1.0,2026-03-26T06:00:00+00:00,2026-03-31T19:00:00+00:00,5.541666666666667
54770.0,54772.0,95.62,2091.5816,2102.2903739999997,-1264.5837927723012,0.0,1.0,2026-04-01T02:00:00+00:00,2026-04-01T04:00:00+00:00,0.08333333333333333
54795.0,54888.0,96.5,2072.365444,2109.781872,-3886.9516263668443,-34.11999477044451,1.0,2026-04-02T03:00:00+00:00,2026-04-06T00:00:00+00:00,3.875
55845.0,55889.0,90.15,2218.516208,2181.956304,3127.8513384071866,69.99755098124923,1.0,2026-05-15T21:00:00+00:00,2026-05-17T17:00:00+00:00,1.8333333333333333
56024.0,56074.0,98.66,2027.0745040000002,2116.263168,-8966.872378805994,77.750228265695,1.0,2026-05-23T08:00:00+00:00,2026-05-25T10:00:00+00:00,2.0833333333333335
56215.0,56383.0,98.59,2028.584202,1610.802096,41105.73129239141,131.8777189232826,3.0,2026-05-31T07:00:00+00:00,2026-06-07T07:00:00+00:00,7.0
57135.0,57137.0,115.7,1728.5342240000002,1735.9471199999998,-1089.1351094424092,9.041252658023444,1.0,2026-07-08T15:00:00+00:00,2026-07-08T17:00:00+00:00,0.08333333333333333
57147.0,57149.0,115.86,1726.174696,1742.028336,-2077.898332372517,0.0,1.0,2026-07-09T03:00:00+00:00,2026-07-09T05:00:00+00:00,0.08333333333333333
